-- 菜单信息
INSERT INTO `mb_url`(`id_`, `create_by`, `create_time`, `update_by`, `update_time`, `component_`, `description_`, `icon_`, `keep_alive_`, `name_`, `navigable_`, `order_`, `parent_id_`, `path_`, `title_`, `outside_`) VALUES ('2f1f7d51-c802-4974-8e39-da261847b028', NULL, NULL, NULL, NULL, 'blank', '系统监控', 'dashboard', b'0', 'monitor', b'1', '102', NULL, 'monitor', '系统监控', '\0');
INSERT INTO `mb_url`(`id_`, `create_by`, `create_time`, `update_by`, `update_time`, `component_`, `description_`, `icon_`, `keep_alive_`, `name_`, `navigable_`, `order_`, `parent_id_`, `path_`, `title_`, `outside_`) VALUES ('a01e5090-20dc-48b1-b471-8ae4443b0e55', NULL, NULL, NULL, NULL, 'monitor/SystemInfo', '系统信息', NULL, b'0', 'systemInfo', b'1', 1, '2f1f7d51-c802-4974-8e39-da261847b028', 'monitor/SystemInfo', '系统信息', '\0');
INSERT INTO `mb_url`(`id_`, `create_by`, `create_time`, `update_by`, `update_time`, `component_`, `description_`, `icon_`, `keep_alive_`, `name_`, `navigable_`, `order_`, `parent_id_`, `path_`, `title_`, `outside_`) VALUES ('7229253c-57d0-4460-94c3-811d574a6e51', NULL, NULL, NULL, NULL, 'monitor/JvmInfo', 'JVM信息', NULL, b'0', 'jvminfo', b'1', 2, '2f1f7d51-c802-4974-8e39-da261847b028', 'monitor/JvmInfo', 'JVM信息', '\0');

-- 权限信息
-- INSERT INTO `mb_permission`(`id_`, `create_by`, `create_time`, `update_by`, `update_time`, `attribute_`, `resource_id_`, `resource_type_`, `role_id_`) VALUES ('09911694-69e1-44a7-b2e8-4db0095b8768', NULL, NULL, NULL, NULL, 'ROLE_f51ee61d-089c-47a3-8b98-1e0cba84fa31', '2f1f7d51-c802-4974-8e39-da261847b028', 'URL', 'f51ee61d-089c-47a3-8b98-1e0cba84fa31');
-- INSERT INTO `mb_permission`(`id_`, `create_by`, `create_time`, `update_by`, `update_time`, `attribute_`, `resource_id_`, `resource_type_`, `role_id_`) VALUES ('bf6dd138-7e1c-4a33-8359-c051d94ce490', NULL, NULL, NULL, NULL, 'ROLE_f51ee61d-089c-47a3-8b98-1e0cba84fa31', 'a01e5090-20dc-48b1-b471-8ae4443b0e55', 'URL', 'f51ee61d-089c-47a3-8b98-1e0cba84fa31');
-- INSERT INTO `mb_permission`(`id_`, `create_by`, `create_time`, `update_by`, `update_time`, `attribute_`, `resource_id_`, `resource_type_`, `role_id_`) VALUES ('8cdcc457-8e2f-4354-b05a-84ca7924ffa2', NULL, NULL, NULL, NULL, 'ROLE_f51ee61d-089c-47a3-8b98-1e0cba84fa31', '7229253c-57d0-4460-94c3-811d574a6e51', 'URL', 'f51ee61d-089c-47a3-8b98-1e0cba84fa31');

-- 20220208 字典管理菜单
INSERT INTO `mb_url` (`id_`, `create_by`, `create_time`, `update_by`, `update_time`, `component_`, `description_`, `icon_`, `keep_alive_`, `name_`, `navigable_`, `order_`, `parent_id_`, `path_`, `title_`, `outside_`) VALUES ('b583ca44-0371-4f77-a3e3-87890aedict5', NULL, NULL, NULL, NULL, 'system/DictList', '字典管理', NULL, b'0', 'dictList', b'1', '6', 'd7d6e2e4e2934f2c9385a623fd98c6f3', 'list/dictList', '字典管理', '\0');

-- 20220210 角色管理菜单
INSERT INTO `mb_url` (`id_`, `create_by`, `create_time`, `update_by`, `update_time`, `component_`, `description_`, `icon_`, `keep_alive_`, `name_`, `navigable_`, `order_`, `parent_id_`, `path_`, `title_`, `outside_`) VALUES ('4e672960-61ed-4c79-b895-52b3a3912bd5', NULL, NULL, NULL, NULL, 'system/RoleList', '角色管理', NULL, b'0', 'RoleList', b'1', '4', 'd7d6e2e4e2934f2c9385a623fd98c6f3', 'roleList', '角色管理', '\0');

-- 20221025 导出管理菜单
INSERT INTO `mb_url` (`id_`, `create_by`, `create_dept`, `create_time`, `update_by`, `update_time`, `component_`, `description_`, `icon_`, `keep_alive_`, `name_`, `navigable_`, `order_`, `outside_`, `parent_id_`, `path_`, `title_`, `rul_type_`) VALUES ('5788df61-f39e-4cd2-8fcf-7a1a4a6103b5', NULL, NULL, NULL, NULL, NULL, 'system/ExcelExportTemplateList', NULL, NULL, '\0', NULL, '', '9', '\0', 'd7d6e2e4e2934f2c9385a623fd98c6f3', 'excelExportTemplateList', '导出管理', 'C');

-- 20220608 系统部门菜单、部门类型字典
INSERT INTO `mb_url` (`id_`, `create_by`, `create_time`, `update_by`, `update_time`, `component_`, `description_`, `icon_`, `keep_alive_`, `name_`, `navigable_`, `order_`, `parent_id_`, `path_`, `title_`, `outside_`) VALUES ('56ba0c4d-2ed3-4c70-9121-b34e67f41e46', NULL, '2022-06-07 16:31:17.543000', NULL, NULL, 'system/DeptList', NULL, NULL,  b'0', 'deptList', '', '4', 'd7d6e2e4e2934f2c9385a623fd98c6f3', 'deptList', '部门管理', '\0');
INSERT INTO `mb_dict` (`id_`, `create_by`, `create_time`, `update_by`, `update_time`, `dict_code_`, `dict_default_value_`, `dict_desc_`, `dict_name_`, `dict_type_`) VALUES ('89d9d0f9-8e12-46cd-a1a7-1fbf8affa5f9', NULL, '2022-06-07 16:50:49.540000', NULL, NULL, 'MB_SYSTEM_DEPT_TYPE', '0:部门1:科室', NULL, '部门类型', '1');
INSERT INTO `mb_dict_item` (`id_`, `create_by`, `create_time`, `update_by`, `update_time`, `dict_id_`, `item_desc_`, `item_sort_`, `item_status_`, `item_text_`, `item_value_`) VALUES ('33d71747-92b3-414e-abfb-4361886d8d08', NULL, '2022-06-07 16:51:00.028000', NULL, NULL, '89d9d0f9-8e12-46cd-a1a7-1fbf8affa5f9', NULL, '1', '1', '部门', '0');
INSERT INTO `mb_dict_item` (`id_`, `create_by`, `create_time`, `update_by`, `update_time`, `dict_id_`, `item_desc_`, `item_sort_`, `item_status_`, `item_text_`, `item_value_`) VALUES ('603fdb37-535b-4685-bb28-47bde207de4e', NULL, '2022-06-07 16:51:10.385000', NULL, NULL, '89d9d0f9-8e12-46cd-a1a7-1fbf8affa5f9', NULL, '2', '1', '科室', '1');

-- 20220607 系统字典
INSERT INTO `mb_dict` (`id_`, `create_by`, `create_time`, `update_by`, `update_time`, `dict_code_`, `dict_default_value_`, `dict_desc_`, `dict_name_`, `dict_type_`) VALUES ('88436d1d-4406-4920-b0d4-eabc7f43aa60', NULL, '2022-06-06 11:13:04.325000', NULL, NULL, 'MB_SYSTEM_YES_NO', '1:是；0:否', NULL, '是否', '1');
INSERT INTO `mb_dict_item` (`id_`, `create_by`, `create_time`, `update_by`, `update_time`, `dict_id_`, `item_desc_`, `item_sort_`, `item_status_`, `item_text_`, `item_value_`) VALUES ('4effd21a-5b70-46ad-8f0d-9f2174a6e919', NULL, '2022-06-06 11:13:37.817000', NULL, '2022-06-06 11:14:52.109000', '88436d1d-4406-4920-b0d4-eabc7f43aa60', NULL, '1', '1', '否', '0');
INSERT INTO `mb_dict_item` (`id_`, `create_by`, `create_time`, `update_by`, `update_time`, `dict_id_`, `item_desc_`, `item_sort_`, `item_status_`, `item_text_`, `item_value_`) VALUES ('53c728d2-8c71-4ee9-80c8-6583dd15ac57', NULL, '2022-06-06 11:13:15.267000', NULL, NULL, '88436d1d-4406-4920-b0d4-eabc7f43aa60', NULL, '1', '1', '是', '1');

-- 代码生成菜单
INSERT INTO `mb_url` (`id_`, `create_by`, `create_time`, `update_by`, `update_time`, `component_`, `description_`, `icon_`, `keep_alive_`, `name_`, `navigable_`, `order_`, `parent_id_`, `path_`, `title_`, `outside_`, `datascope_`, `parent_res_id_`, `data_scope_`, `data_type_`, `element_id_`, `create_dept`, `has_criteria_`, `rul_type_`) VALUES ('bf65ae80-613f-407a-95b4-ad212d5b2445', 'admin', '2023-07-13 10:09:56.890000', NULL, NULL, 'gen/GenList', NULL, NULL, '\0', NULL, '', '1', '515cde02-67d2-4421-9ed8-873c803225f4', 'genList', '模型列表', '\0', NULL, NULL, NULL, NULL, NULL, 'A0102', NULL, 'C');
INSERT INTO `mb_url` (`id_`, `create_by`, `create_time`, `update_by`, `update_time`, `component_`, `description_`, `icon_`, `keep_alive_`, `name_`, `navigable_`, `order_`, `parent_id_`, `path_`, `title_`, `outside_`, `datascope_`, `parent_res_id_`, `data_scope_`, `data_type_`, `element_id_`, `create_dept`, `has_criteria_`, `rul_type_`) VALUES ('515cde02-67d2-4421-9ed8-873c803225f4', 'admin', '2023-07-13 10:09:01.879000', NULL, NULL, 'blank', NULL, 'robot', '\0', NULL, '', '17', '', 'gen', '代码生成', '\0', NULL, NULL, NULL, NULL, NULL, 'A0102', NULL, 'M');

-- 代码生成菜单模型类型、展示类型、字段类型字典
INSERT INTO `mb_dict` (`id_`, `create_by`, `create_time`, `update_by`, `update_time`, `dict_code_`, `dict_default_value_`, `dict_desc_`, `dict_name_`, `dict_type_`, `create_dept`) VALUES ('6d84c8cd-7c59-4517-babe-07466f0893e0', 'admin', '2023-07-13 13:56:41.415000', NULL, NULL, 'MB_GEN_MODEL_TYPE', NULL, NULL, '模型类型', '1', 'A0102');
INSERT INTO `mb_dict` (`id_`, `create_by`, `create_time`, `update_by`, `update_time`, `dict_code_`, `dict_default_value_`, `dict_desc_`, `dict_name_`, `dict_type_`, `create_dept`) VALUES ('cfd1a980-1357-470e-a28c-6baa79fa4593', 'admin', '2023-07-13 11:26:29.528000', NULL, NULL, 'MB_GEN_SHOW_TYPE', NULL, '代码生成-展示类型', '展示类型', '1', 'A0102');
INSERT INTO `mb_dict` (`id_`, `create_by`, `create_time`, `update_by`, `update_time`, `dict_code_`, `dict_default_value_`, `dict_desc_`, `dict_name_`, `dict_type_`, `create_dept`) VALUES ('6b50e2bb-f20b-49a7-af7b-b3d92dea013c', 'admin', '2023-07-13 11:25:04.269000', NULL, NULL, 'MB_GEN_COLUMN_TYPE', NULL, '代码生成-字段类型', '字段类型', '1', 'A0102');
INSERT INTO `mb_dict_item` (`id_`, `create_by`, `create_time`, `update_by`, `update_time`, `dict_id_`, `item_desc_`, `item_sort_`, `item_status_`, `item_text_`, `item_value_`, `create_dept`) VALUES ('293fd77c-8530-4ec2-afcf-57ad7e9551fa', 'admin', '2023-07-13 13:57:58.570000', NULL, NULL, '6d84c8cd-7c59-4517-babe-07466f0893e0', NULL, '3', '1', '主从表', '03', 'A0102');
INSERT INTO `mb_dict_item` (`id_`, `create_by`, `create_time`, `update_by`, `update_time`, `dict_id_`, `item_desc_`, `item_sort_`, `item_status_`, `item_text_`, `item_value_`, `create_dept`) VALUES ('d9049457-d311-404e-b6ee-8fd479c15fb2', 'admin', '2023-07-13 13:57:37.784000', NULL, NULL, '6d84c8cd-7c59-4517-babe-07466f0893e0', NULL, '2', '1', '树表', '02', 'A0102');
INSERT INTO `mb_dict_item` (`id_`, `create_by`, `create_time`, `update_by`, `update_time`, `dict_id_`, `item_desc_`, `item_sort_`, `item_status_`, `item_text_`, `item_value_`, `create_dept`) VALUES ('08fadc50-2387-4f79-9314-e92d9bd13318', 'admin', '2023-07-13 13:57:20.503000', NULL, NULL, '6d84c8cd-7c59-4517-babe-07466f0893e0', NULL, '1', '1', '单表', '01', 'A0102');
INSERT INTO `mb_dict_item` (`id_`, `create_by`, `create_time`, `update_by`, `update_time`, `dict_id_`, `item_desc_`, `item_sort_`, `item_status_`, `item_text_`, `item_value_`, `create_dept`) VALUES ('3ad93a3c-2c57-4933-890b-41093cb92428', 'admin', '2023-07-13 11:30:56.501000', NULL, NULL, 'cfd1a980-1357-470e-a28c-6baa79fa4593', NULL, '8', '1', '文件上传', 'fileUpload', 'A0102');
INSERT INTO `mb_dict_item` (`id_`, `create_by`, `create_time`, `update_by`, `update_time`, `dict_id_`, `item_desc_`, `item_sort_`, `item_status_`, `item_text_`, `item_value_`, `create_dept`) VALUES ('edafd1e7-8c6a-4924-911c-93d967cc117f', 'admin', '2023-07-13 11:30:45.701000', NULL, NULL, 'cfd1a980-1357-470e-a28c-6baa79fa4593', NULL, '7', '1', '图片上传', 'imageUpload', 'A0102');
INSERT INTO `mb_dict_item` (`id_`, `create_by`, `create_time`, `update_by`, `update_time`, `dict_id_`, `item_desc_`, `item_sort_`, `item_status_`, `item_text_`, `item_value_`, `create_dept`) VALUES ('a09aafe6-80e6-4858-bd87-8b77343a3374', 'admin', '2023-07-13 11:30:23.058000', NULL, NULL, 'cfd1a980-1357-470e-a28c-6baa79fa4593', NULL, '6', '1', '日期控件', 'date', 'A0102');
INSERT INTO `mb_dict_item` (`id_`, `create_by`, `create_time`, `update_by`, `update_time`, `dict_id_`, `item_desc_`, `item_sort_`, `item_status_`, `item_text_`, `item_value_`, `create_dept`) VALUES ('0fc9ce40-43b7-468f-a6a7-20d594482307', 'admin', '2023-07-13 11:30:06.919000', NULL, NULL, 'cfd1a980-1357-470e-a28c-6baa79fa4593', NULL, '4', '1', '复选框', 'checkbox', 'A0102');
INSERT INTO `mb_dict_item` (`id_`, `create_by`, `create_time`, `update_by`, `update_time`, `dict_id_`, `item_desc_`, `item_sort_`, `item_status_`, `item_text_`, `item_value_`, `create_dept`) VALUES ('b9280ead-f88f-418f-9b98-8585ef6615ef', 'admin', '2023-07-13 11:29:56.311000', NULL, NULL, 'cfd1a980-1357-470e-a28c-6baa79fa4593', NULL, '5', '1', '单选框', 'radio', 'A0102');
INSERT INTO `mb_dict_item` (`id_`, `create_by`, `create_time`, `update_by`, `update_time`, `dict_id_`, `item_desc_`, `item_sort_`, `item_status_`, `item_text_`, `item_value_`, `create_dept`) VALUES ('3c6a2e1f-736b-4ec8-a6b7-bc4a03b17178', 'admin', '2023-07-13 11:29:46.145000', NULL, NULL, 'cfd1a980-1357-470e-a28c-6baa79fa4593', NULL, '3', '1', '下拉框', 'select', 'A0102');
INSERT INTO `mb_dict_item` (`id_`, `create_by`, `create_time`, `update_by`, `update_time`, `dict_id_`, `item_desc_`, `item_sort_`, `item_status_`, `item_text_`, `item_value_`, `create_dept`) VALUES ('64f22f7e-b7cd-4280-85c6-0348c846d276', 'admin', '2023-07-13 11:29:32.928000', NULL, NULL, 'cfd1a980-1357-470e-a28c-6baa79fa4593', NULL, '2', '1', '文本域', 'textarea', 'A0102');
INSERT INTO `mb_dict_item` (`id_`, `create_by`, `create_time`, `update_by`, `update_time`, `dict_id_`, `item_desc_`, `item_sort_`, `item_status_`, `item_text_`, `item_value_`, `create_dept`) VALUES ('101186b0-c8b4-4340-99eb-1229c591bee8', 'admin', '2023-07-13 11:29:22.448000', NULL, NULL, 'cfd1a980-1357-470e-a28c-6baa79fa4593', NULL, '1', '1', '文本框', 'input', 'A0102');
INSERT INTO `mb_dict_item` (`id_`, `create_by`, `create_time`, `update_by`, `update_time`, `dict_id_`, `item_desc_`, `item_sort_`, `item_status_`, `item_text_`, `item_value_`, `create_dept`) VALUES ('4544cba3-e622-427b-a998-ae1bff0fb52d', 'admin', '2023-07-13 11:28:55.261000', NULL, NULL, '6b50e2bb-f20b-49a7-af7b-b3d92dea013c', NULL, '1', '1', 'Boolean', 'Boolean', 'A0102');
INSERT INTO `mb_dict_item` (`id_`, `create_by`, `create_time`, `update_by`, `update_time`, `dict_id_`, `item_desc_`, `item_sort_`, `item_status_`, `item_text_`, `item_value_`, `create_dept`) VALUES ('0ea48f95-a74d-499d-a5a9-88c032a42421', 'admin', '2023-07-13 11:28:49.628000', NULL, NULL, '6b50e2bb-f20b-49a7-af7b-b3d92dea013c', NULL, '1', '1', 'Date', 'Date', 'A0102');
INSERT INTO `mb_dict_item` (`id_`, `create_by`, `create_time`, `update_by`, `update_time`, `dict_id_`, `item_desc_`, `item_sort_`, `item_status_`, `item_text_`, `item_value_`, `create_dept`) VALUES ('c900d77d-eee2-4225-b800-947a8e4a86a1', 'admin', '2023-07-13 11:28:44.040000', NULL, NULL, '6b50e2bb-f20b-49a7-af7b-b3d92dea013c', NULL, '1', '1', 'BigDecimal', 'BigDecimal', 'A0102');
INSERT INTO `mb_dict_item` (`id_`, `create_by`, `create_time`, `update_by`, `update_time`, `dict_id_`, `item_desc_`, `item_sort_`, `item_status_`, `item_text_`, `item_value_`, `create_dept`) VALUES ('b2d56e24-4bb5-413f-8fbe-0e14a680c4ab', 'admin', '2023-07-13 11:28:38.363000', NULL, NULL, '6b50e2bb-f20b-49a7-af7b-b3d92dea013c', NULL, '1', '1', 'Double', 'Double', 'A0102');
INSERT INTO `mb_dict_item` (`id_`, `create_by`, `create_time`, `update_by`, `update_time`, `dict_id_`, `item_desc_`, `item_sort_`, `item_status_`, `item_text_`, `item_value_`, `create_dept`) VALUES ('7f9db960-f168-4bf1-b847-eeb30533d6d6', 'admin', '2023-07-13 11:28:32.717000', NULL, NULL, '6b50e2bb-f20b-49a7-af7b-b3d92dea013c', NULL, '1', '1', 'Integer', 'Integer', 'A0102');
INSERT INTO `mb_dict_item` (`id_`, `create_by`, `create_time`, `update_by`, `update_time`, `dict_id_`, `item_desc_`, `item_sort_`, `item_status_`, `item_text_`, `item_value_`, `create_dept`) VALUES ('21842c2f-309e-4207-868e-5a20d39448ef', 'admin', '2023-07-13 11:28:22.356000', NULL, NULL, '6b50e2bb-f20b-49a7-af7b-b3d92dea013c', NULL, '1', '1', 'String', 'String', 'A0102');
INSERT INTO `mb_dict_item` (`id_`, `create_by`, `create_time`, `update_by`, `update_time`, `dict_id_`, `item_desc_`, `item_sort_`, `item_status_`, `item_text_`, `item_value_`, `create_dept`) VALUES ('87b908a9-b247-4827-8fc2-3a622c4ceb6a', 'admin', '2023-07-13 11:28:15.697000', NULL, NULL, '6b50e2bb-f20b-49a7-af7b-b3d92dea013c', NULL, '1', '1', 'Long', 'Long', 'A0102');

-- 个人中心菜单
-- INSERT INTO `mb_url` (`id_`, `create_by`, `create_time`, `update_by`, `update_time`, `component_`, `description_`, `icon_`, `keep_alive_`, `name_`, `navigable_`, `order_`, `parent_id_`, `path_`, `title_`, `outside_`) VALUES ('6d4febe8-5a7e-46e8-bf3c-520bf9e6f0da', NULL, '2022-05-18 16:52:10.918000', NULL, '2022-05-18 16:57:53.846000', 'account/center/Index', NULL, NULL,  b'0', '/account/center',  b'0', '1', 'd7d6e2e4e2934f2c9385a623fd98c6f3', '/account/center', '个人中心', '\0');